num_updates,time_taken,is_valid
2112,0.01337122917175293,True
1992,0.013192176818847656,True
2154,0.019956111907958984,True
2160,0.026220083236694336,True
2010,0.012966156005859375,True
2106,0.012660980224609375,True
2070,0.012392044067382812,True
2244,0.016170024871826172,True
2118,0.02593994140625,True
2166,0.01313471794128418,True
2064,0.012321949005126953,True
2046,0.01723003387451172,True
2106,0.012837886810302734,True
2076,0.015510082244873047,True
2064,0.013789892196655273,True
2136,0.011918783187866211,True
2070,0.01625514030456543,True
2052,0.012244939804077148,True
2094,0.012189149856567383,True
2028,0.012912988662719727,True
2106,0.012288093566894531,True
2166,0.01715826988220215,True
2100,0.011919736862182617,True
2028,0.01186990737915039,True
2046,0.01201009750366211,True
2118,0.011881113052368164,True
2196,0.01256704330444336,True
2112,0.012998819351196289,True
2022,0.011935949325561523,True
2094,0.01183009147644043,True
2184,0.012642145156860352,True
2106,0.02245020866394043,True
2106,0.02140522003173828,True
2112,0.014503717422485352,True
2166,0.023702144622802734,True
2166,0.015543699264526367,True
2226,0.022309064865112305,True
2184,0.014708757400512695,True
2130,0.012232780456542969,True
2100,0.02308177947998047,True
2118,0.02061915397644043,True
2148,0.012755870819091797,True
2106,0.013459205627441406,True
2082,0.013191938400268555,True
2082,0.012218713760375977,True
2124,0.015887022018432617,True
1992,0.011786937713623047,True
2136,0.016246795654296875,True
1980,0.015316009521484375,True
2124,0.013755321502685547,True
2214,0.02207493782043457,True
2130,0.01987290382385254,True
2082,0.014113187789916992,True
2106,0.012461185455322266,True
2052,0.013206005096435547,True
2094,0.012070894241333008,True
2118,0.013007879257202148,True
2088,0.01267099380493164,True
2124,0.03058004379272461,True
2082,0.013353824615478516,True
2118,0.014956235885620117,True
2118,0.014717817306518555,True
2178,0.015303850173950195,True
2046,0.015474796295166016,True
2154,0.01397395133972168,True
2238,0.017518043518066406,True
2190,0.012070894241333008,True
2040,0.011696100234985352,True
2106,0.014854192733764648,True
2238,0.012190103530883789,True
1986,0.011577129364013672,True
2166,0.011942148208618164,True
2148,0.01304483413696289,True
2034,0.01256704330444336,True
2190,0.012708902359008789,True
2136,0.012521982192993164,True
2142,0.015615224838256836,True
2124,0.013087987899780273,True
2262,0.015787124633789062,True
2262,0.018074989318847656,True
2094,0.012912273406982422,True
2088,0.012660980224609375,True
2094,0.018748998641967773,True
2172,0.014523029327392578,True
2142,0.03322577476501465,True
2058,0.02413320541381836,True
2070,0.0160372257232666,True
2028,0.016016721725463867,True
2154,0.012683868408203125,True
2124,0.015864133834838867,True
2148,0.015767812728881836,True
2130,0.02989673614501953,True
2124,0.014677047729492188,True
2100,0.013222217559814453,True
2100,0.015229940414428711,True
2148,0.016749143600463867,True
2022,0.011823177337646484,True
2202,0.023186922073364258,True
2160,0.012806177139282227,True
2184,0.011929035186767578,True
2208,0.012460708618164062,True
2064,0.012148857116699219,True
2076,0.011761188507080078,True
2196,0.012286901473999023,True
2082,0.01275491714477539,True
2094,0.011715888977050781,True
2154,0.01261281967163086,True
2196,0.016755104064941406,True
2166,0.012853860855102539,True
2172,0.012818098068237305,True
2202,0.013036012649536133,True
1986,0.012414932250976562,True
2160,0.012042045593261719,True
2184,0.012235879898071289,True
2100,0.012691974639892578,True
2094,0.01351785659790039,True
2166,0.012017011642456055,True
2160,0.01209712028503418,True
2196,0.012807130813598633,True
2178,0.012648820877075195,True
2142,0.012865066528320312,True
2106,0.01534414291381836,True
2226,0.01211094856262207,True
2238,0.013612985610961914,True
2130,0.014207124710083008,True
2184,0.011920928955078125,True
2136,0.012618064880371094,True
2142,0.020717859268188477,True
2052,0.011732101440429688,True
2142,0.011879920959472656,True
2034,0.012794733047485352,True
2178,0.012033224105834961,True
2094,0.01280069351196289,True
2178,0.012043952941894531,True
2046,0.011646032333374023,True
2040,0.012484073638916016,True
2172,0.012780189514160156,True
2040,0.012511968612670898,True
2118,0.011877059936523438,True
2094,0.011907815933227539,True
2088,0.01272273063659668,True
2118,0.013409137725830078,True
2088,0.017075061798095703,True
2172,0.014143943786621094,True
2016,0.012925863265991211,True
2142,0.01270604133605957,True
2148,0.012022972106933594,True
2190,0.01235198974609375,True
2190,0.011981964111328125,True
2202,0.011979818344116211,True
2298,0.012252092361450195,True
2034,0.012814760208129883,True
2190,0.014646053314208984,True
2148,0.012722015380859375,True
2064,0.011801958084106445,True
2046,0.011689901351928711,True
2082,0.011775970458984375,True
2184,0.011938810348510742,True
2190,0.012592315673828125,True
2124,0.012852191925048828,True
2148,0.012053966522216797,True
2124,0.012028217315673828,True
2154,0.01233673095703125,True
2160,0.011968135833740234,True
1998,0.011590957641601562,True
2160,0.01180124282836914,True
2172,0.01191401481628418,True
2178,0.01182103157043457,True
2184,0.011984825134277344,True
2142,0.011919260025024414,True
2130,0.012363672256469727,True
2208,0.011881828308105469,True
2130,0.014751911163330078,True
2172,0.014024019241333008,True
2148,0.01324009895324707,True
2106,0.013545989990234375,True
2028,0.012526750564575195,True
2100,0.011720895767211914,True
2136,0.011994123458862305,True
2082,0.012026309967041016,True
2172,0.012015104293823242,True
2178,0.012009859085083008,True
2202,0.012821197509765625,True
2148,0.012106180191040039,True
2142,0.012832164764404297,True
2106,0.01186990737915039,True
2244,0.014004945755004883,True
2088,0.011924982070922852,True
2076,0.01246786117553711,True
2106,0.01170206069946289,True
2172,0.011987924575805664,True
2166,0.01207590103149414,True
2172,0.011929750442504883,True
2190,0.012918710708618164,True
2034,0.012429952621459961,True
2082,0.014570951461791992,True
2064,0.014380931854248047,True
2106,0.011831045150756836,True
2100,0.012885093688964844,True
2148,0.01352071762084961,True
2010,0.012536048889160156,True
2196,0.01270604133605957,True
2118,0.012629032135009766,True
2238,0.012017011642456055,True
2070,0.011792182922363281,True
2154,0.011958122253417969,True
2286,0.012147903442382812,True
2076,0.01209402084350586,True
2022,0.01258707046508789,True
2238,0.012438058853149414,True
2112,0.012246847152709961,True
2124,0.011974096298217773,True
2196,0.013072967529296875,True
2154,0.012464761734008789,True
2058,0.012602090835571289,True
2094,0.01182699203491211,True
2142,0.011775970458984375,True
2148,0.013392925262451172,True
2250,0.012690067291259766,True
2154,0.013061046600341797,True
2100,0.012382030487060547,True
2214,0.012910127639770508,True
2250,0.012094974517822266,True
2046,0.013263940811157227,True
2106,0.01435399055480957,True
2136,0.013467788696289062,True
2118,0.011956214904785156,True
2154,0.015479087829589844,True
2034,0.011745214462280273,True
2082,0.011822938919067383,True
2154,0.011927127838134766,True
2166,0.013304948806762695,True
2160,0.011882781982421875,True
2022,0.019432783126831055,True
2130,0.01876688003540039,True
2232,0.012268781661987305,True
2196,0.012976884841918945,True
2148,0.012123346328735352,True
2070,0.014556169509887695,True
2202,0.013753890991210938,True
2118,0.012847900390625,True
2292,0.012377738952636719,True
2196,0.013276815414428711,True
2226,0.012188911437988281,True
2190,0.01289677619934082,True
2118,0.01593494415283203,True
2160,0.012464046478271484,True
2142,0.013661861419677734,True
2202,0.011877059936523438,True
2112,0.012540817260742188,True
2358,0.012256145477294922,True
2106,0.014165639877319336,True
2124,0.012649059295654297,True
2154,0.01208806037902832,True
2142,0.012120246887207031,True
2094,0.012052059173583984,True
2136,0.01203608512878418,True
2154,0.011800765991210938,True
2130,0.012352943420410156,True
2166,0.012975215911865234,True
2130,0.01190805435180664,True
1986,0.011574983596801758,True
2160,0.013350963592529297,True
2064,0.01173090934753418,True
2160,0.014136075973510742,True
2070,0.011851072311401367,True
2202,0.012029886245727539,True
2112,0.01399993896484375,True
2226,0.011915922164916992,True
2112,0.011886835098266602,True
2082,0.014045953750610352,True
2208,0.012121200561523438,True
2184,0.011892080307006836,True
2106,0.01479482650756836,True
2154,0.011959075927734375,True
2184,0.012069940567016602,True
2106,0.012704133987426758,True
2190,0.012875795364379883,True
2124,0.012598037719726562,True
2172,0.01205301284790039,True
2298,0.012117147445678711,True
2148,0.014180183410644531,True
2040,0.011799097061157227,True
2184,0.0120849609375,True
2160,0.012837886810302734,True
2112,0.011868953704833984,True
2004,0.011633157730102539,True
2130,0.012531280517578125,True
2076,0.011765241622924805,True
2196,0.012623786926269531,True
2202,0.012595891952514648,True
2124,0.011927127838134766,True
2094,0.012490034103393555,True
2094,0.011892080307006836,True
2088,0.011684894561767578,True
2064,0.01261591911315918,True
2094,0.01171422004699707,True
2082,0.011775016784667969,True
2058,0.012692928314208984,True
2094,0.012497186660766602,True
2070,0.011840105056762695,True
2136,0.01275491714477539,True
2124,0.011883974075317383,True
2082,0.011851072311401367,True
2070,0.011740922927856445,True
2160,0.011923074722290039,True
2178,0.011973142623901367,True
2058,0.01381683349609375,True
2160,0.011788129806518555,True
2172,0.011998176574707031,True
2142,0.012001991271972656,True
2178,0.012005090713500977,True
2082,0.012532949447631836,True
2172,0.012166976928710938,True
2142,0.012067794799804688,True
2094,0.013103723526000977,True
2106,0.011839866638183594,True
2142,0.012762308120727539,True
2142,0.011990070343017578,True
2214,0.012778997421264648,True
2166,0.012848854064941406,True
2172,0.012478113174438477,True
2010,0.011585235595703125,True
1998,0.011776924133300781,True
2100,0.012747049331665039,True
2160,0.012897014617919922,True
2154,0.013332128524780273,True
2118,0.01270294189453125,True
2088,0.011964082717895508,True
2172,0.013347864151000977,True
2106,0.012735128402709961,True
2100,0.012640953063964844,True
2154,0.014301061630249023,True
2082,0.012026786804199219,True
2118,0.012464046478271484,True
2118,0.013211727142333984,True
2184,0.013190031051635742,True
2136,0.011885881423950195,True
2196,0.011847972869873047,True
2094,0.013098001480102539,True
2106,0.01182103157043457,True
2094,0.013795137405395508,True
2154,0.01323699951171875,True
2196,0.012040138244628906,True
2106,0.01191401481628418,True
2250,0.013283014297485352,True
2124,0.011907815933227539,True
2148,0.013071775436401367,True
2160,0.01392507553100586,True
2232,0.012309074401855469,True
2106,0.01194906234741211,True
2148,0.012037277221679688,True
2118,0.01261591911315918,True
2142,0.012017965316772461,True
2052,0.012611150741577148,True
2136,0.011819839477539062,True
2136,0.012598991394042969,True
2100,0.011692047119140625,True
2184,0.01271820068359375,True
2142,0.011831998825073242,True
2058,0.011810064315795898,True
2160,0.012065887451171875,True
2148,0.012488126754760742,True
2076,0.011739015579223633,True
2028,0.011653900146484375,True
2046,0.012346267700195312,True
2142,0.014351129531860352,True
2100,0.011831045150756836,True
2172,0.011911869049072266,True
2130,0.01455998420715332,True
2112,0.01191401481628418,True
2088,0.012629032135009766,True
2028,0.011665105819702148,True
2034,0.012418031692504883,True
2124,0.011909008026123047,True
2202,0.011984825134277344,True
2160,0.01196432113647461,True
2142,0.012764930725097656,True
2196,0.012574911117553711,True
2112,0.012933015823364258,True
2208,0.013620138168334961,True
2052,0.01258397102355957,True
2184,0.01264810562133789,True
2088,0.01175999641418457,True
2082,0.011761903762817383,True
2160,0.012067794799804688,True
2190,0.011873960494995117,True
2148,0.011898279190063477,True
2124,0.012742757797241211,True
2148,0.012014150619506836,True
2094,0.01200103759765625,True
2220,0.012981891632080078,True
2112,0.0119171142578125,True
2154,0.012080192565917969,True
2220,0.012051105499267578,True
2022,0.011732101440429688,True
2190,0.0119781494140625,True
2100,0.012511968612670898,True
2214,0.011944055557250977,True
2070,0.012349843978881836,True
2256,0.011963844299316406,True
2190,0.012008905410766602,True
2118,0.012407064437866211,True
2232,0.011962890625,True
2094,0.01222085952758789,True
2190,0.011853933334350586,True
2172,0.013365983963012695,True
2148,0.011931896209716797,True
2154,0.012809276580810547,True
2184,0.012829780578613281,True
2154,0.011973142623901367,True
2040,0.011783123016357422,True
2040,0.011761903762817383,True
2118,0.012593269348144531,True
1986,0.011651992797851562,True
2088,0.012555122375488281,True
2094,0.012350797653198242,True
2118,0.011976957321166992,True
2274,0.01287078857421875,True
2118,0.01199197769165039,True
2250,0.012733936309814453,True
2256,0.012034893035888672,True
2154,0.012015819549560547,True
2190,0.01236414909362793,True
2160,0.01265263557434082,True
2148,0.012969017028808594,True
2160,0.012971878051757812,True
2136,0.011941194534301758,True
2166,0.011965274810791016,True
2244,0.012068986892700195,True
2166,0.01208186149597168,True
2154,0.01279306411743164,True
2046,0.012540817260742188,True
2100,0.01174306869506836,True
2154,0.01178288459777832,True
2148,0.01492929458618164,True
2070,0.01247406005859375,True
2172,0.011966943740844727,True
2058,0.012592077255249023,True
2154,0.012006998062133789,True
2148,0.012006998062133789,True
2142,0.01196908950805664,True
2136,0.012781620025634766,True
2166,0.014339208602905273,True
2088,0.012008905410766602,True
2106,0.011723995208740234,True
2016,0.011803150177001953,True
2166,0.012127161026000977,True
2178,0.012214899063110352,True
2106,0.011802911758422852,True
2112,0.011713027954101562,True
2220,0.012077093124389648,True
2184,0.01537322998046875,True
2076,0.012371063232421875,True
2106,0.011924982070922852,True
2202,0.011928081512451172,True
2088,0.012658119201660156,True
2130,0.01175999641418457,True
2046,0.011673927307128906,True
2166,0.011942148208618164,True
2172,0.011898040771484375,True
2202,0.011912345886230469,True
2244,0.012037038803100586,True
2076,0.011783838272094727,True
2136,0.012495040893554688,True
2076,0.011733055114746094,True
2166,0.011851072311401367,True
2118,0.012552022933959961,True
2100,0.014274835586547852,True
2178,0.011931896209716797,True
2094,0.012637138366699219,True
2118,0.013260126113891602,True
2136,0.012871980667114258,True
2094,0.011919260025024414,True
2124,0.01419210433959961,True
2076,0.011873006820678711,True
2064,0.011621236801147461,True
2094,0.01213979721069336,True
2172,0.01204824447631836,True
2196,0.011939048767089844,True
2106,0.012248039245605469,True
2064,0.012489080429077148,True
2136,0.011957883834838867,True
2010,0.011627912521362305,True
2184,0.011895895004272461,True
2220,0.01289510726928711,True
2034,0.012969255447387695,True
2100,0.01176595687866211,True
2196,0.013586044311523438,True
2142,0.012687921524047852,True
2070,0.013276100158691406,True
2142,0.012988090515136719,True
2190,0.011862993240356445,True
2154,0.013466835021972656,True
2100,0.011903047561645508,True
2220,0.012402057647705078,True
2118,0.013267993927001953,True
2160,0.012094974517822266,True
2112,0.012842893600463867,True
2196,0.012645959854125977,True
2226,0.012151718139648438,True
2202,0.012082099914550781,True
2040,0.011822700500488281,True
2142,0.011972904205322266,True
2094,0.011656999588012695,True
2256,0.013098955154418945,True
2076,0.0117340087890625,True
2142,0.0128021240234375,True
2022,0.011685848236083984,True
2118,0.01297307014465332,True
2112,0.011854171752929688,True
2166,0.01265096664428711,True
2208,0.012803077697753906,True
2100,0.012820959091186523,True
2058,0.011871814727783203,True
2082,0.01412510871887207,True
2172,0.011812210083007812,True
2070,0.012113809585571289,True
2136,0.013278961181640625,True
2190,0.012101888656616211,True
2148,0.012709856033325195,True
2070,0.013445854187011719,True
2166,0.013208150863647461,True
2034,0.012473106384277344,True
2046,0.011635065078735352,True
2208,0.012945890426635742,True
2154,0.011996984481811523,True
2142,0.012789011001586914,True
2094,0.012588024139404297,True
2100,0.011816263198852539,True
2190,0.01189112663269043,True
2226,0.012928009033203125,True
2112,0.011837959289550781,True
2058,0.015333175659179688,True
2160,0.014374732971191406,True
2112,0.023540019989013672,True
2250,0.01357579231262207,True
2088,0.013580083847045898,True
2244,0.01438593864440918,True
2040,0.013657093048095703,True
2232,0.012537240982055664,True
2160,0.012912988662719727,True
2106,0.012817859649658203,True
2046,0.012367963790893555,True
2232,0.012679100036621094,True
2106,0.011801719665527344,True
2196,0.013634920120239258,True
2202,0.013383865356445312,True
2070,0.011896133422851562,True
2136,0.013815879821777344,True
2220,0.013000011444091797,True
2130,0.011950254440307617,True
2082,0.012803792953491211,True
2106,0.013267993927001953,True
2202,0.012810945510864258,True
2058,0.012915849685668945,True
2190,0.012033224105834961,True
2028,0.011747121810913086,True
2160,0.012468338012695312,True
2154,0.011841058731079102,True
2208,0.012354135513305664,True
2166,0.013046979904174805,True
2112,0.015333175659179688,True
2094,0.0120849609375,True
2184,0.012924909591674805,True
2172,0.013630867004394531,True
2148,0.012262344360351562,True
2124,0.013171911239624023,True
2112,0.01412820816040039,True
2178,0.08683609962463379,True
2208,0.0251157283782959,True
2112,0.0160067081451416,True
2130,0.024631023406982422,True
2130,0.020164012908935547,True
2124,0.032002925872802734,True
2238,0.016606807708740234,True
2112,0.013424873352050781,True
2202,0.029959917068481445,True
2052,0.01952672004699707,True
2190,0.025980234146118164,True
2100,0.03503012657165527,True
2046,0.025983095169067383,True
2142,0.03556108474731445,True
1998,0.05231618881225586,True
2124,0.02840280532836914,True
2214,0.024671077728271484,True
2040,0.03614377975463867,True
2130,0.012079238891601562,True
2178,0.024940013885498047,True
2118,0.02426910400390625,True
2124,0.05617403984069824,True
2154,0.02739405632019043,True
2136,0.015409231185913086,True
2112,0.023712873458862305,True
2118,0.06501007080078125,True
2190,0.04840493202209473,True
2154,0.020849943161010742,True
2100,0.033685922622680664,True
2058,0.01578998565673828,True
2046,0.01283121109008789,True
2022,0.017040252685546875,True
2112,0.021487951278686523,True
2196,0.020833969116210938,True
2052,0.04722905158996582,True
2184,0.026702880859375,True
2142,0.014760255813598633,True
2112,0.018554210662841797,True
2094,0.015557050704956055,True
2100,0.012762784957885742,True
2172,0.01512002944946289,True
2124,0.015072107315063477,True
2070,0.03725910186767578,True
2154,0.018347978591918945,True
2016,0.01575922966003418,True
2076,0.015822649002075195,True
2154,0.017003774642944336,True
2034,0.017153024673461914,True
2088,0.011951208114624023,True
2154,0.012902975082397461,True
2130,0.012285947799682617,True
2040,0.01661396026611328,True
2106,0.027198076248168945,True
2064,0.017589092254638672,True
2118,0.019569873809814453,True
2046,0.014320850372314453,True
2064,0.03179597854614258,True
2244,0.02895498275756836,True
2136,0.028305768966674805,True
2064,0.048909902572631836,True
2178,0.015866994857788086,True
2112,0.013241052627563477,True
2148,0.015897035598754883,True
2160,0.025905132293701172,True
2190,0.016984224319458008,True
2058,0.050984859466552734,True
2202,0.013659000396728516,True
2070,0.01377415657043457,True
2184,0.023255109786987305,True
2082,0.016267061233520508,True
2124,0.01351022720336914,True
2154,0.01952195167541504,True
2118,0.019168853759765625,True
2094,0.025735139846801758,True
2208,0.021463871002197266,True
2106,0.01601099967956543,True
2154,0.018383264541625977,True
2178,0.015937089920043945,True
2130,0.01769089698791504,True
2190,0.015468120574951172,True
2154,0.016932964324951172,True
2082,0.017211198806762695,True
2142,0.01557302474975586,True
2112,0.01852107048034668,True
2244,0.029919862747192383,True
2064,0.037439823150634766,True
2214,0.021770000457763672,True
2196,0.05367612838745117,True
2088,0.034596920013427734,True
2052,0.015595674514770508,True
2106,0.02378988265991211,True
2130,0.013766050338745117,True
2052,0.022035837173461914,True
2154,0.02788090705871582,True
2082,0.0211489200592041,True
2208,0.014467239379882812,True
2184,0.02660202980041504,True
2130,0.03889608383178711,True
2064,0.013443231582641602,True
2160,0.014245748519897461,True
2214,0.0311281681060791,True
2172,0.018673181533813477,True
2034,0.015624046325683594,True
2130,0.023744821548461914,True
2112,0.12583518028259277,True
2070,0.025999069213867188,True
2148,0.020067214965820312,True
2154,0.017837047576904297,True
2130,0.021876811981201172,True
2094,0.02594614028930664,True
2016,0.01692795753479004,True
2166,0.02947688102722168,True
2118,0.02593517303466797,True
2034,0.02461409568786621,True
2124,0.09675979614257812,True
2094,0.01912403106689453,True
2040,0.04399991035461426,True
2166,0.026701688766479492,True
2046,0.018467187881469727,True
2016,0.019247055053710938,True
2058,0.026437997817993164,True
2226,0.02431797981262207,True
2094,0.09678792953491211,True
2142,0.017007112503051758,True
2070,0.023829936981201172,True
2166,0.024439096450805664,True
2094,0.02270984649658203,True
2166,0.01638031005859375,True
2106,0.038787841796875,True
2136,0.03611302375793457,True
1998,0.016637802124023438,True
2112,0.017732858657836914,True
2094,0.027514934539794922,True
2100,0.017817020416259766,True
2076,0.019446134567260742,True
2130,0.04332685470581055,True
2172,0.016171932220458984,True
2070,0.03188514709472656,True
2214,0.01608109474182129,True
2172,0.017673015594482422,True
2142,0.01730513572692871,True
2166,0.02901768684387207,True
2160,0.016767024993896484,True
2208,0.017045021057128906,True
2064,0.014795064926147461,True
2046,0.015329837799072266,True
2292,0.019602298736572266,True
2364,0.023633241653442383,True
2172,0.01830005645751953,True
2118,0.014365911483764648,True
2124,0.019018173217773438,True
2220,0.017148256301879883,True
2166,0.016201019287109375,True
2124,0.015259027481079102,True
2100,0.017367124557495117,True
2148,0.022000789642333984,True
2106,0.021646738052368164,True
2142,0.015842914581298828,True
2100,0.018658161163330078,True
2088,0.021010875701904297,True
2160,0.01353001594543457,True
2100,0.01644301414489746,True
2208,0.016097068786621094,True
2058,0.01792287826538086,True
2130,0.025033950805664062,True
2094,0.022533893585205078,True
2064,0.03112006187438965,True
2118,0.02294301986694336,True
2172,0.04570603370666504,True
2100,0.02497386932373047,True
2136,0.014356136322021484,True
2070,0.01620030403137207,True
2136,0.018980741500854492,True
2196,0.022561073303222656,True
2064,0.015806913375854492,True
2118,0.02275395393371582,True
2088,0.018782854080200195,True
2172,0.016116857528686523,True
2064,0.019136905670166016,True
2088,0.0341949462890625,True
2220,0.03803110122680664,True
2262,0.016470909118652344,True
2082,0.0206758975982666,True
2100,0.028579235076904297,True
2166,0.03370022773742676,True
2082,0.018503904342651367,True
2088,0.015291690826416016,True
2118,0.01673603057861328,True
2154,0.02072596549987793,True
2118,0.020446300506591797,True
2142,0.014546394348144531,True
2274,0.022687911987304688,True
2166,0.0191650390625,True
2058,0.018279075622558594,True
2172,0.017650127410888672,True
2148,0.0168759822845459,True
2196,0.014687061309814453,True
2166,0.017396926879882812,True
2160,0.018208980560302734,True
2034,0.01671600341796875,True
2190,0.01678013801574707,True
2178,0.023552894592285156,True
2016,0.020226240158081055,True
2112,0.015316963195800781,True
2136,0.014672040939331055,True
2118,0.014379024505615234,True
2202,0.01568007469177246,True
2058,0.014371156692504883,True
2094,0.014766216278076172,True
2052,0.01514291763305664,True
2154,0.01681995391845703,True
2058,0.01700305938720703,True
2130,0.020009279251098633,True
2076,0.014024972915649414,True
2160,0.022467851638793945,True
2136,0.014437198638916016,True
2064,0.016904830932617188,True
2166,0.01595902442932129,True
2172,0.020106077194213867,True
2058,0.02505207061767578,True
2124,0.01395106315612793,True
2130,0.018656015396118164,True
2148,0.02026081085205078,True
2046,0.025648832321166992,True
2148,0.01867818832397461,True
2040,0.016012907028198242,True
2172,0.020285844802856445,True
2088,0.019452810287475586,True
2082,0.016786813735961914,True
2124,0.020396947860717773,True
2130,0.02256321907043457,True
2208,0.015533208847045898,True
2136,0.017215967178344727,True
2184,0.03536796569824219,True
2196,0.021674156188964844,True
2070,0.041954994201660156,True
2142,0.016723155975341797,True
2046,0.015607833862304688,True
2040,0.015295028686523438,True
2256,0.023416996002197266,True
2136,0.019079208374023438,True
2148,0.018333911895751953,True
2118,0.028387069702148438,True
2160,0.027887821197509766,True
2214,0.025294065475463867,True
2022,0.024898052215576172,True
2226,0.029313087463378906,True
2316,0.022717952728271484,True
1980,0.02921915054321289,True
2184,0.01431131362915039,True
2160,0.019922971725463867,True
2034,0.017143964767456055,True
2196,0.013836860656738281,True
2118,0.020241260528564453,True
2268,0.024595975875854492,True
2076,0.015499114990234375,True
2190,0.018198013305664062,True
2094,0.017946243286132812,True
2148,0.021121978759765625,True
2214,0.019410133361816406,True
2166,0.021645784378051758,True
2178,0.0177919864654541,True
2130,0.016729116439819336,True
2082,0.017392873764038086,True
2178,0.017191171646118164,True
2166,0.013751029968261719,True
2076,0.019557952880859375,True
2154,0.02674102783203125,True
2148,0.015207052230834961,True
2136,0.01828479766845703,True
2178,0.017155885696411133,True
2220,0.01881718635559082,True
2148,0.05158710479736328,True
2172,0.021033048629760742,True
2082,0.015452146530151367,True
2154,0.019695043563842773,True
2076,0.02104496955871582,True
2136,0.020823001861572266,True
2238,0.026618003845214844,True
2136,0.022752046585083008,True
2052,0.018210887908935547,True
1956,0.016510009765625,True
2160,0.013953208923339844,True
2148,0.014391899108886719,True
2244,0.015503883361816406,True
2214,0.019853830337524414,True
2064,0.016607999801635742,True
2160,0.01742100715637207,True
2178,0.01522207260131836,True
2100,0.01564812660217285,True
2052,0.015463113784790039,True
2100,0.015265941619873047,True
2202,0.045652151107788086,True
2250,0.01635885238647461,True
2148,0.031075000762939453,True
2124,0.02306509017944336,True
2040,0.061894893646240234,True
2154,0.016534090042114258,True
2184,0.014867067337036133,True
2148,0.01845097541809082,True
2070,0.01586008071899414,True
2220,0.017869949340820312,True
2136,0.02474188804626465,True
2058,0.02526068687438965,True
2112,0.01914811134338379,True
2106,0.013952016830444336,True
2106,0.016618013381958008,True
2160,0.019883155822753906,True
2190,0.016597986221313477,True
2064,0.017796993255615234,True
2112,0.018999099731445312,True
2286,0.015524148941040039,True
2106,0.015661001205444336,True
2088,0.01721787452697754,True
2190,0.023302793502807617,True
2100,0.01844000816345215,True
2178,0.0159299373626709,True
2082,0.014429330825805664,True
2148,0.01595759391784668,True
2070,0.03549027442932129,True
2166,0.023391008377075195,True
2082,0.023569822311401367,True
2136,0.02314305305480957,True
2076,0.029570817947387695,True
2022,0.018330097198486328,True
2220,0.01946091651916504,True
2052,0.01679706573486328,True
2118,0.015336036682128906,True
2196,0.016079187393188477,True
2172,0.019650936126708984,True
2148,0.017657995223999023,True
2124,0.02292490005493164,True
2112,0.015531778335571289,True
2130,0.018517017364501953,True
2250,0.022609949111938477,True
2106,0.020780086517333984,True
2112,0.014754056930541992,True
2112,0.01612687110900879,True
2196,0.02297806739807129,True
2226,0.02153491973876953,True
2190,0.018761873245239258,True
2142,0.02469801902770996,True
2160,0.031397104263305664,True
2202,0.016369104385375977,True
2244,0.0237271785736084,True
2118,0.02484416961669922,True
2166,0.02513885498046875,True
2136,0.016527891159057617,True
2142,0.019279003143310547,True
2154,0.017628908157348633,True
2082,0.022335052490234375,True
2160,0.017512798309326172,True
2016,0.021986007690429688,True
2190,0.025443077087402344,True
2118,0.020844221115112305,True
2088,0.015434980392456055,True
2136,0.0168609619140625,True
2118,0.01838397979736328,True
2058,0.016718149185180664,True
2112,0.02723097801208496,True
2124,0.02690291404724121,True
2196,0.0168149471282959,True
1998,0.01612114906311035,True
2166,0.02186417579650879,True
2148,0.02376389503479004,True
2010,0.014959096908569336,True
2058,0.018018722534179688,True
2118,0.016605138778686523,True
1980,0.021682024002075195,True
2088,0.017188072204589844,True
2112,0.015275001525878906,True
2136,0.027980804443359375,True
2184,0.03222298622131348,True
2016,0.024487018585205078,True
2136,0.02136397361755371,True
2112,0.017161130905151367,True
2136,0.025512218475341797,True
2154,0.015211105346679688,True
2124,0.027287006378173828,True
2202,0.01849508285522461,True
2118,0.016656875610351562,True
2112,0.017755746841430664,True
2148,0.0179746150970459,True
2142,0.02610301971435547,True
2148,0.020582199096679688,True
2088,0.01835799217224121,True
2124,0.01607489585876465,True
2190,0.01355600357055664,True
2040,0.014505147933959961,True
2064,0.025208711624145508,True
2058,0.01660895347595215,True
2076,0.023239850997924805,True
2280,0.015372753143310547,True
2172,0.018362998962402344,True
2088,0.018497705459594727,True
2040,0.025274038314819336,True
2172,0.018801212310791016,True
2130,0.017984628677368164,True
2124,0.024891138076782227,True
2100,0.0203399658203125,True
2064,0.0257718563079834,True
2106,0.019608020782470703,True
2088,0.01579594612121582,True
2064,0.017734766006469727,True
2088,0.016043901443481445,True
2166,0.02026677131652832,True
2184,0.013850688934326172,True
2196,0.014895200729370117,True
2166,0.018317222595214844,True
2088,0.015664100646972656,True
2100,0.015091896057128906,True
2082,0.01821732521057129,True
2208,0.02253580093383789,True
2148,0.022207021713256836,True
2106,0.02403712272644043,True
2160,0.015681028366088867,True
2160,0.054650068283081055,True
2154,0.02083110809326172,True
2142,0.020293235778808594,True
2130,0.021710872650146484,True
2136,0.017329931259155273,True
2184,0.024314165115356445,True
2070,0.0213010311126709,True
2268,0.018589019775390625,True
2208,0.017789840698242188,True
2286,0.026240110397338867,True
2232,0.014798164367675781,True
2136,0.015231847763061523,True
2178,0.018669605255126953,True
2220,0.018230199813842773,True
2046,0.01741194725036621,True
3498,0.03526592254638672,True
3194,0.031098127365112305,True
3126,0.025892019271850586,True
3098,0.036879777908325195,True
3152,0.025189876556396484,True
3010,0.030312061309814453,True
2610,0.016794919967651367,True
3430,0.08841586112976074,True
2814,0.02211308479309082,True
3812,0.036473751068115234,True
2474,0.02302694320678711,True
2754,0.02309703826904297,True
8546,0.07347702980041504,True
3082,0.022362947463989258,True
10962,0.07984495162963867,True
3020,0.021669864654541016,True
2814,0.03940320014953613,True
6682,0.06001996994018555,True
2520,0.058005332946777344,True
2444,0.020078659057617188,True
2840,0.031870126724243164,True
3730,0.1444869041442871,True
3394,0.03030085563659668,True
2362,0.021702289581298828,True
3102,0.02436995506286621,True
2564,0.022248029708862305,True
2640,0.01666712760925293,True
2756,0.02208113670349121,True
3386,0.035513877868652344,True
2758,0.0309298038482666,True
2784,0.03507518768310547,True
2378,0.017915725708007812,True
2244,0.052674055099487305,True
2304,0.08082890510559082,True
2238,0.03455305099487305,True
3148,0.0199129581451416,True
2322,0.01810622215270996,True
2192,0.025334835052490234,True
4926,0.030639171600341797,True
6208,0.041834354400634766,True
2906,0.05813193321228027,True
2594,0.018137693405151367,True
2448,0.01787424087524414,True
2346,0.026428699493408203,True
4388,0.12984824180603027,True
3284,0.02909111976623535,True
2870,0.021116018295288086,True
2816,0.018891096115112305,True
2262,0.02111196517944336,True
2846,0.07845091819763184,True
2846,0.030414819717407227,True
2886,0.0265200138092041,True
7200,0.05046677589416504,True
2350,0.01626420021057129,True
2206,0.0200040340423584,True
2800,0.021601200103759766,True
3468,0.03195023536682129,True
2312,0.023508071899414062,True
2538,0.019494295120239258,True
5646,0.04760384559631348,True
2582,0.020200014114379883,True
2300,0.016666889190673828,True
2716,0.04624199867248535,True
3698,0.05044388771057129,True
3022,0.057034969329833984,True
2564,0.035902976989746094,True
2346,0.02075791358947754,True
2776,0.026443004608154297,True
3116,0.01887798309326172,True
2402,0.029117822647094727,True
2202,0.01778411865234375,True
4382,0.09886479377746582,True
2516,0.02211618423461914,True
2204,0.014330148696899414,True
2832,0.02712082862854004,True
4606,0.1330258846282959,True
2654,0.042356014251708984,True
2690,0.06772613525390625,True
2566,0.03619718551635742,True
4376,0.031493186950683594,True
3226,0.025127172470092773,True
2564,0.01648688316345215,True
7308,0.05458378791809082,True
3258,0.023826122283935547,True
2222,0.019915103912353516,True
2170,0.02073812484741211,True
3934,0.04884600639343262,True
2610,0.01620006561279297,True
2254,0.016495943069458008,True
2764,0.02218008041381836,True
2470,0.014570951461791992,True
3706,0.022564172744750977,True
2544,0.02978515625,True
2388,0.02259683609008789,True
2814,0.030198097229003906,True
3588,0.02106189727783203,True
2640,0.016766071319580078,True
2792,0.04687190055847168,True
2366,0.018718242645263672,True
2762,0.017370223999023438,True
2944,0.029018878936767578,True
2426,0.02435016632080078,True
9224,0.06954097747802734,True
4616,0.0383000373840332,True
2450,0.021435260772705078,True
4076,0.030162334442138672,True
2306,0.024298906326293945,True
2438,0.016892194747924805,True
2526,0.02359914779663086,True
3944,0.021864891052246094,True
3102,0.025988101959228516,True
2858,0.021420001983642578,True
2964,0.01890397071838379,True
2414,0.01713109016418457,True
2170,0.01680922508239746,True
2604,0.02447986602783203,True
2462,0.015918970108032227,True
5272,0.03496718406677246,True
11182,0.11148309707641602,True
5048,0.03939080238342285,True
2322,0.02670907974243164,True
4150,0.030765056610107422,True
2506,0.017492055892944336,True
3834,0.03312993049621582,True
3658,0.022816896438598633,True
2654,0.03176689147949219,True
3674,0.025998830795288086,True
6292,0.04435300827026367,True
2578,0.020196914672851562,True
2630,0.019004106521606445,True
2522,0.020166873931884766,True
3538,0.023028135299682617,True
2248,0.020226716995239258,True
3010,0.01870107650756836,True
3484,0.02360391616821289,True
2620,0.01739215850830078,True
2092,0.020291805267333984,True
2294,0.013916969299316406,True
4808,0.04606509208679199,True
2726,0.028492212295532227,True
2284,0.018812894821166992,True
4950,0.033889055252075195,True
2236,0.022190093994140625,True
2494,0.016109943389892578,True
5146,0.03073906898498535,True
2418,0.024764060974121094,True
2206,0.023516178131103516,True
2576,0.016778945922851562,True
4394,0.032842159271240234,True
2376,0.017670154571533203,True
6492,0.039897918701171875,True
5794,0.03322601318359375,True
2542,0.016707897186279297,True
3036,0.05343484878540039,True
2464,0.028666973114013672,True
2930,0.0394442081451416,True
2334,0.054412841796875,True
2854,0.02443385124206543,True
4372,0.025735855102539062,True
3364,0.019534826278686523,True
2976,0.026875734329223633,True
2356,0.026544809341430664,True
2438,0.019739151000976562,True
2242,0.01773214340209961,True
5268,0.03380918502807617,True
2746,0.024051904678344727,True
2930,0.027109146118164062,True
2404,0.015980958938598633,True
2468,0.016460895538330078,True
3304,0.030171871185302734,True
3642,0.030411958694458008,True
2518,0.03279900550842285,True
2394,0.027972936630249023,True
2290,0.020414113998413086,True
3046,0.06437206268310547,True
2654,0.024500131607055664,True
2568,0.018650054931640625,True
2184,0.018236875534057617,True
2266,0.01529383659362793,True
3768,0.024499893188476562,True
2936,0.022066116333007812,True
2532,0.017561912536621094,True
3060,0.02573084831237793,True
3908,0.024886131286621094,True
2216,0.01987004280090332,True
2624,0.02309894561767578,True
2156,0.013282060623168945,True
2396,0.05724596977233887,True
2876,0.021465063095092773,True
6632,0.04296398162841797,True
3802,0.025232315063476562,True
2702,0.02156376838684082,True
3702,0.0920403003692627,True
2398,0.014483213424682617,True
8260,0.06677818298339844,True
2850,0.028780221939086914,True
2568,0.023002147674560547,True
2760,0.018187999725341797,True
2570,0.04664897918701172,True
2210,0.029570817947387695,True
3954,0.02768421173095703,True
2656,0.015627145767211914,True
3312,0.02071094512939453,True
2880,0.03700900077819824,True
2274,0.01849818229675293,True
2804,0.02234196662902832,True
4024,0.031408071517944336,True
2534,0.016010046005249023,True
2560,0.01565098762512207,True
2592,0.05721592903137207,True
3568,0.0480499267578125,True
2498,0.0657191276550293,True
7742,0.13518691062927246,True
2490,0.04513692855834961,True
2614,0.023493051528930664,True
2932,0.019550085067749023,True
2822,0.042693138122558594,True
5644,0.03827404975891113,True
2986,0.04497408866882324,True
2316,0.016893863677978516,True
2600,0.0377960205078125,True
2618,0.018649816513061523,True
2386,0.03304409980773926,True
5036,0.034449100494384766,True
20890,0.15468883514404297,True
2508,0.015856027603149414,True
3136,0.023582935333251953,True
2820,0.02369976043701172,True
3496,0.025606870651245117,True
2468,0.021382808685302734,True
2310,0.022059202194213867,True
2352,0.015502691268920898,True
2322,0.018608808517456055,True
2548,0.019691944122314453,True
2620,0.024380207061767578,True
2298,0.018571138381958008,True
2272,0.014748096466064453,True
2306,0.021540164947509766,True
2452,0.023797035217285156,True
2540,0.018227100372314453,True
2330,0.02414703369140625,True
3064,0.029070138931274414,True
2422,0.02237105369567871,True
2790,0.02379322052001953,True
3318,0.022356033325195312,True
2354,0.016688108444213867,True
3806,0.025235891342163086,True
6874,0.05162477493286133,True
2768,0.019770145416259766,True
2940,0.017510175704956055,True
9134,0.05541396141052246,True
7192,0.042369842529296875,True
2836,0.019313812255859375,True
6056,0.039511919021606445,True
2422,0.02049398422241211,True
3930,0.038172006607055664,True
3104,0.020377159118652344,True
2156,0.017791032791137695,True
2738,0.0209500789642334,True
2134,0.021130084991455078,True
2674,0.019816875457763672,True
6102,0.03854799270629883,True
2362,0.016119956970214844,True
3046,0.023421287536621094,True
4658,0.04514193534851074,True
3798,0.026814937591552734,True
2416,0.02158522605895996,True
7930,0.05233311653137207,True
2398,0.01567983627319336,True
3454,0.03185296058654785,True
2420,0.01651287078857422,True
2152,0.017462968826293945,True
3388,0.04743790626525879,True
2078,0.0394291877746582,True
3300,0.03418588638305664,True
2216,0.016911029815673828,True
2172,0.026106834411621094,True
2446,0.01898980140686035,True
2356,0.020260095596313477,True
4622,0.03263735771179199,True
3480,0.03309917449951172,True
2608,0.03474569320678711,True
2650,0.03533792495727539,True
2888,0.02115011215209961,True
2636,0.03127622604370117,True
2546,0.02598881721496582,True
2992,0.04218912124633789,True
2186,0.03567218780517578,True
2946,0.03119802474975586,True
3004,0.03423714637756348,True
3076,0.03231406211853027,True
3334,0.029907941818237305,True
2194,0.044703006744384766,True
3422,0.036588191986083984,True
3334,0.059921979904174805,True
2470,0.09463882446289062,True
2430,0.03495287895202637,True
2462,0.03466224670410156,True
3558,0.046568870544433594,True
2162,0.03138017654418945,True
5824,0.0526728630065918,True
3564,0.03448677062988281,True
2712,0.049787044525146484,True
2396,0.02749490737915039,True
2354,0.014512062072753906,True
4028,0.03859591484069824,True
2442,0.02655792236328125,True
2678,0.04418206214904785,True
2610,0.022294044494628906,True
2256,0.02813100814819336,True
2428,0.03933906555175781,True
2462,0.026316165924072266,True
2874,0.03150486946105957,True
2416,0.03892707824707031,True
2604,0.025910139083862305,True
2418,0.026361942291259766,True
2324,0.03494882583618164,True
2940,0.03203988075256348,True
2458,0.019416093826293945,True
3220,0.026636123657226562,True
2572,0.023335933685302734,True
3004,0.027499914169311523,True
4042,0.03403759002685547,True
3138,0.020795106887817383,True
2992,0.021600961685180664,True
2774,0.020254850387573242,True
7368,0.05594182014465332,True
3110,0.024790048599243164,True
2438,0.02530980110168457,True
3696,0.06225299835205078,True
2288,0.048195838928222656,True
2484,0.025686025619506836,True
2910,0.04311084747314453,True
2314,0.026896953582763672,True
2080,0.021239042282104492,True
2280,0.025896072387695312,True
2896,0.025064945220947266,True
2332,0.02031993865966797,True
3992,0.041378021240234375,True
4090,0.038465261459350586,True
2870,0.028927087783813477,True
2552,0.029150962829589844,True
4982,0.03885793685913086,True
2538,0.025114059448242188,True
4538,0.1299591064453125,True
2182,0.032697200775146484,True
2796,0.036324262619018555,True
2670,0.018590927124023438,True
2324,0.03486800193786621,True
3604,0.0248720645904541,True
2334,0.030945777893066406,True
2522,0.01847386360168457,True
3022,0.02468085289001465,True
3122,0.026712894439697266,True
2538,0.02183699607849121,True
2728,0.031304121017456055,True
2850,0.03839898109436035,True
2232,0.03364396095275879,True
3674,0.043792009353637695,True
3340,0.04072904586791992,True
2382,0.0191500186920166,True
2156,0.03110504150390625,True
4686,0.03830981254577637,True
3332,0.032826900482177734,True
2968,0.02635335922241211,True
2382,0.021079063415527344,True
2194,0.01651787757873535,True
2184,0.02369403839111328,True
2696,0.018092870712280273,True
2420,0.014654874801635742,True
2532,0.016138076782226562,True
3506,0.023179054260253906,True
3784,0.025848865509033203,True
2450,0.01857161521911621,True
3242,0.024363994598388672,True
3098,0.01942586898803711,True
2482,0.019161701202392578,True
2380,0.014317035675048828,True
2316,0.016132831573486328,True
3436,0.0531611442565918,True
2886,0.03291201591491699,True
2762,0.02393817901611328,True
2226,0.026784181594848633,True
2214,0.01817011833190918,True
2342,0.01615595817565918,True
2720,0.02451300621032715,True
6462,0.08059215545654297,True
2906,0.032354116439819336,True
3932,0.06587076187133789,True
2266,0.027286052703857422,True
2320,0.02382493019104004,True
3100,0.0380091667175293,True
2332,0.024444103240966797,True
6924,0.048091888427734375,True
2820,0.018238067626953125,True
2884,0.021105051040649414,True
2332,0.01989006996154785,True
3426,0.0240781307220459,True
7274,0.05375194549560547,True
4616,0.035395145416259766,True
2844,0.021234989166259766,True
2294,0.015084028244018555,True
2924,0.026193857192993164,True
2674,0.02397918701171875,True
2702,0.02160501480102539,True
2452,0.018651962280273438,True
2684,0.017138004302978516,True
5960,0.04080677032470703,True
3236,0.027695894241333008,True
2274,0.01636481285095215,True
3566,0.02750706672668457,True
2300,0.019780874252319336,True
2770,0.021306276321411133,True
2678,0.02065300941467285,True
2496,0.026454687118530273,True
3590,0.04173898696899414,True
2446,0.023922204971313477,True
2328,0.01755499839782715,True
2662,0.021390199661254883,True
2680,0.02043318748474121,True
2090,0.013944149017333984,True
2898,0.02190423011779785,True
2384,0.0399622917175293,True
2368,0.05777788162231445,True
4770,0.059819698333740234,True
9084,0.0668489933013916,True
2778,0.021903038024902344,True
2916,0.042088985443115234,True
2624,0.041240692138671875,True
2314,0.0321049690246582,True
4330,0.032093048095703125,True
5936,0.05157661437988281,True
2474,0.018252134323120117,True
2498,0.02790689468383789,True
2156,0.05807328224182129,True
2242,0.020840167999267578,True
4974,0.10112309455871582,True
2164,0.03616905212402344,True
2774,0.026504039764404297,True
2952,0.022011280059814453,True
2296,0.022873878479003906,True
2748,0.031423091888427734,True
2794,0.033248186111450195,True
2062,0.017962932586669922,True
2332,0.015985965728759766,True
3856,0.033264875411987305,True
2958,0.03820490837097168,True
3246,0.036135196685791016,True
2520,0.019212722778320312,True
2382,0.01594400405883789,True
3320,0.03151512145996094,True
4536,0.04394388198852539,True
3126,0.051749229431152344,True
5114,0.03499126434326172,True
4512,0.031887054443359375,True
3898,0.02744913101196289,True
2590,0.023456811904907227,True
2402,0.01721787452697754,True
5150,0.03680896759033203,True
2736,0.022825002670288086,True
2408,0.01719498634338379,True
2302,0.01667308807373047,True
2398,0.01857900619506836,True
2786,0.019578933715820312,True
5118,0.0353541374206543,True
3686,0.026266098022460938,True
3178,0.026119232177734375,True
5782,0.03836488723754883,True
2054,0.016512155532836914,True
2394,0.017095088958740234,True
2168,0.018583059310913086,True
2602,0.022894859313964844,True
2416,0.015128135681152344,True
3252,0.021383047103881836,True
3168,0.031170129776000977,True
2326,0.021445035934448242,True
5192,0.08746504783630371,True
3226,0.02822279930114746,True
2336,0.027218103408813477,True
14394,0.15899419784545898,True
2364,0.016225814819335938,True
2294,0.02164292335510254,True
3452,0.024616241455078125,True
2512,0.016798973083496094,True
2436,0.023647785186767578,True
3122,0.03269195556640625,True
2366,0.016505002975463867,True
3242,0.021746397018432617,True
2264,0.016019105911254883,True
2042,0.019279956817626953,True
4322,0.0356900691986084,True
2382,0.039051055908203125,True
2354,0.02135014533996582,True
2626,0.022604942321777344,True
2712,0.026257753372192383,True
5142,0.037113189697265625,True
2544,0.03845024108886719,True
2074,0.01960611343383789,True
2204,0.018719911575317383,True
8158,0.08432722091674805,True
2778,0.021697044372558594,True
2496,0.022148847579956055,True
2120,0.030982017517089844,True
2366,0.025810956954956055,True
5292,0.049346208572387695,True
4340,0.03209185600280762,True
2316,0.017290115356445312,True
4490,0.03270602226257324,True
2576,0.023468732833862305,True
2680,0.024459123611450195,True
3564,0.04009294509887695,True
14730,0.08597302436828613,True
2438,0.025840044021606445,True
2544,0.017834186553955078,True
2384,0.018795013427734375,True
2614,0.017225980758666992,True
2638,0.025613784790039062,True
3006,0.04262208938598633,True
3196,0.024843931198120117,True
2662,0.03307509422302246,True
2580,0.03675079345703125,True
2246,0.018674850463867188,True
2854,0.0588381290435791,True
2342,0.01972675323486328,True
2446,0.017464876174926758,True
3900,0.029878616333007812,True
2302,0.022831201553344727,True
5066,0.049617767333984375,True
2734,0.022285938262939453,True
2768,0.03635573387145996,True
2180,0.026990890502929688,True
2132,0.020711898803710938,True
3524,0.04084491729736328,True
2226,0.016900062561035156,True
2794,0.02077317237854004,True
2656,0.026118993759155273,True
2946,0.02789306640625,True
2242,0.01591014862060547,True
2212,0.02544689178466797,True
2306,0.018715858459472656,True
3980,0.030400991439819336,True
2932,0.020824670791625977,True
2420,0.022481918334960938,True
3886,0.025537967681884766,True
4456,0.03370094299316406,True
2490,0.018072843551635742,True
2612,0.020700931549072266,True
14486,0.10441994667053223,True
3678,0.040415048599243164,True
2048,0.032144784927368164,True
2586,0.03261399269104004,True
2164,0.018181800842285156,True
2204,0.02331399917602539,True
4302,0.0509648323059082,True
2978,0.030279874801635742,True
4072,0.03869485855102539,True
3176,0.02331376075744629,True
3362,0.026793956756591797,True
3078,0.029668092727661133,True
3100,0.03288602828979492,True
2968,0.020939111709594727,True
4650,0.09978795051574707,True
2706,0.024847030639648438,True
2298,0.025127887725830078,True
4690,0.0469059944152832,True
2400,0.03005695343017578,True
3064,0.02511286735534668,True
2298,0.024685144424438477,True
4868,0.03293180465698242,True
2406,0.03011298179626465,True
2460,0.03722333908081055,True
2428,0.03370022773742676,True
5170,0.04336094856262207,True
2296,0.030406951904296875,True
3362,0.04792308807373047,True
3448,0.04533076286315918,True
2550,0.017660856246948242,True
2568,0.02870011329650879,True
2240,0.03121805191040039,True
2786,0.01951003074645996,True
2670,0.022176027297973633,True
4644,0.04352092742919922,True
2552,0.03315377235412598,True
2252,0.017158985137939453,True
2340,0.03650498390197754,True
2698,0.029799938201904297,True
2258,0.024210214614868164,True
2930,0.03330397605895996,True
2920,0.02736520767211914,True
2586,0.024932146072387695,True
2296,0.028805017471313477,True
3352,0.049070119857788086,True
3504,0.05095982551574707,True
2316,0.050171852111816406,True
2732,0.025385141372680664,True
5068,0.06551694869995117,True
2570,0.025054931640625,True
3666,0.030228137969970703,True
2814,0.030573129653930664,True
2668,0.026383161544799805,True
2276,0.03209495544433594,True
3748,0.055258989334106445,True
2652,0.0279238224029541,True
4832,0.041571855545043945,True
2274,0.030644893646240234,True
3542,0.045948028564453125,True
3446,0.04183316230773926,True
2238,0.040270090103149414,True
3550,0.028055906295776367,True
2540,0.026385068893432617,True
2544,0.03516697883605957,True
2398,0.024386167526245117,True
2548,0.03644704818725586,True
2804,0.024023056030273438,True
2280,0.033479928970336914,True
2508,0.029714107513427734,True
2256,0.03580522537231445,True
3036,0.03778696060180664,True
2324,0.03196907043457031,True
2566,0.039346933364868164,True
3374,0.04015398025512695,True
2350,0.0256350040435791,True
3076,0.033676862716674805,True
4202,0.050470829010009766,True
2788,0.033937931060791016,True
2752,0.030462980270385742,True
2780,0.04046177864074707,True
8456,0.08151793479919434,True
3502,0.03478193283081055,True
2506,0.025368690490722656,True
2294,0.026543140411376953,True
2578,0.04285621643066406,True
3038,0.0284271240234375,True
4286,0.07088208198547363,True
2932,0.03094029426574707,True
2302,0.0267181396484375,True
2556,0.023804903030395508,True
3052,0.02789926528930664,True
2330,0.06957006454467773,True
4842,0.036695241928100586,True
2512,0.035444021224975586,True
2512,0.03284502029418945,True
2874,0.02437591552734375,True
2218,0.026600122451782227,True
5714,0.14934396743774414,True
2472,0.0658729076385498,True
2214,0.02992081642150879,True
2342,0.015552997589111328,True
2568,0.014874935150146484,True
2370,0.01651787757873535,True
2224,0.023202896118164062,True
4744,0.32550501823425293,True
2790,0.07710886001586914,True
3086,0.025665998458862305,True
2534,0.022619962692260742,True
3030,0.02024698257446289,True
3966,0.026593923568725586,True
2126,0.028768062591552734,True
5542,0.05160927772521973,True
2660,0.03235626220703125,True
2478,0.028367042541503906,True
2650,0.021268844604492188,True
3118,0.02717900276184082,True
3428,0.03601217269897461,True
2280,0.0447077751159668,True
2724,0.019087791442871094,True
3390,0.024765968322753906,True
2876,0.041452884674072266,True
3932,0.02837514877319336,True
3182,0.020706653594970703,True
6210,0.0850679874420166,True
2842,0.0283660888671875,True
4516,0.033872127532958984,True
2644,0.02594590187072754,True
2946,0.039717912673950195,True
6858,0.04711198806762695,True
3364,0.030424118041992188,True
2288,0.02032303810119629,True
2828,0.018028974533081055,True
2268,0.020190000534057617,True
2294,0.019942760467529297,True
2816,0.019891977310180664,True
2422,0.02297186851501465,True
3186,0.02784419059753418,True
2750,0.018638134002685547,True
2654,0.02328181266784668,True
4670,0.033711910247802734,True
2508,0.017484188079833984,True
2402,0.01737666130065918,True
2896,0.020847797393798828,True
2446,0.029185771942138672,True
3062,0.027342796325683594,True
3234,0.023248910903930664,True
3358,0.027390003204345703,True
2494,0.0171201229095459,True
3896,0.0275881290435791,True
3912,0.0336308479309082,True
2488,0.020451784133911133,True
3864,0.026860713958740234,True
3004,0.024859905242919922,True
2702,0.01952815055847168,True
2530,0.019541025161743164,True
2400,0.025399208068847656,True
2438,0.017895936965942383,True
4466,0.03101801872253418,True
2614,0.018917083740234375,True
2932,0.022243738174438477,True
3264,0.022980213165283203,True
6620,0.043853044509887695,True
4634,0.0368649959564209,True
3716,0.029209136962890625,True
2846,0.01828479766845703,True
2412,0.019448041915893555,True
2918,0.03510403633117676,True
5298,0.036871910095214844,True
2896,0.030118227005004883,True
2236,0.021077871322631836,True
2914,0.029805898666381836,True
2908,0.02159595489501953,True
2292,0.032798051834106445,True
2210,0.01621389389038086,True
6790,0.15228605270385742,True
3444,0.04098176956176758,True
2394,0.02746295928955078,True
2724,0.0420079231262207,True
2782,0.03242897987365723,True
3406,0.02478480339050293,True
2204,0.024978160858154297,True
2246,0.02716231346130371,True
3176,0.022922992706298828,True
2234,0.02056407928466797,True
2294,0.017188072204589844,True
2168,0.016460180282592773,True
6958,0.03624391555786133,True
3338,0.0204007625579834,True
2348,0.015253067016601562,True
3978,0.02844715118408203,True
2304,0.020339012145996094,True
2446,0.017451047897338867,True
2392,0.01909613609313965,True
2442,0.017833948135375977,True
2310,0.015451192855834961,True
2802,0.016915082931518555,True
3278,0.02147817611694336,True
2308,0.01834702491760254,True
3054,0.043376922607421875,True
2314,0.03097391128540039,True
2402,0.024065017700195312,True
3824,0.03252387046813965,True
3498,0.025201797485351562,True
2836,0.0192568302154541,True
2734,0.02099895477294922,True
2410,0.0206758975982666,True
2384,0.021249055862426758,True
2266,0.01753711700439453,True
2650,0.019859790802001953,True
3578,0.029569149017333984,True
3380,0.030443906784057617,True
2810,0.023669958114624023,True
2952,0.02392292022705078,True
2956,0.023916006088256836,True
2738,0.017035722732543945,True
2200,0.020154237747192383,True
4060,0.02822589874267578,True
2256,0.016948938369750977,True
2338,0.020684003829956055,True
2716,0.0274350643157959,True
2914,0.01967906951904297,True
2196,0.0279390811920166,True
2422,0.01775836944580078,True
2244,0.017329692840576172,True
3030,0.020028114318847656,True
2258,0.017277002334594727,True
2716,0.018139123916625977,True
2594,0.03320002555847168,True
2272,0.023337841033935547,True
2384,0.02371668815612793,True
2456,0.020135879516601562,True
2114,0.01642298698425293,True
2712,0.016177892684936523,True
2866,0.02129530906677246,True
2830,0.050106048583984375,True
3278,0.02319502830505371,True
2176,0.024554967880249023,True
4032,0.032063961029052734,True
2450,0.01818084716796875,True
2616,0.027923107147216797,True
3392,0.05552387237548828,True
3038,0.03141283988952637,True
2424,0.019737958908081055,True
2602,0.023269176483154297,True
3196,0.02373981475830078,True
2286,0.014716148376464844,True
2248,0.014745950698852539,True
2920,0.021603107452392578,True
2754,0.02526092529296875,True
3676,0.032305002212524414,True
2242,0.019068002700805664,True
2162,0.02993011474609375,True
2314,0.018149137496948242,True
5270,0.03450894355773926,True
3198,0.02393794059753418,True
2672,0.021229982376098633,True
2270,0.01743793487548828,True
3692,0.02496480941772461,True
2586,0.018339872360229492,True
2916,0.027151107788085938,True
3212,0.02104783058166504,True
3992,0.0249330997467041,True
2352,0.015281200408935547,True
3004,0.029261112213134766,True
2430,0.02152085304260254,True
3584,0.0226290225982666,True
2730,0.0189969539642334,True
3618,0.025914907455444336,True
5006,0.06164288520812988,True
3826,0.026669025421142578,True
2502,0.02501082420349121,True
3404,0.02985382080078125,True
3596,0.0415799617767334,True
2636,0.02826094627380371,True
4704,0.03560209274291992,True
2656,0.028750181198120117,True
2312,0.016103267669677734,True
3466,0.025003910064697266,True
3314,0.021527767181396484,True
3374,0.02024078369140625,True
2294,0.046530961990356445,True
2948,0.09769320487976074,True
2362,0.022693157196044922,True
5186,0.09341597557067871,True
2308,0.02392292022705078,True
3668,0.07141613960266113,True
3682,0.1298840045928955,True
2626,0.07021188735961914,True
2224,0.01879405975341797,True
3628,0.023082971572875977,True
2198,0.04002022743225098,True
2220,0.01875901222229004,True
2908,0.020208120346069336,True
2620,0.021760940551757812,True
2260,0.02184915542602539,True
2482,0.021017789840698242,True
8670,0.07550311088562012,True
2954,0.025326967239379883,True
3282,0.03479790687561035,True
3708,0.04585385322570801,True
3906,0.1358349323272705,True
6054,0.16418790817260742,True
2780,0.09418106079101562,True
2752,0.03181290626525879,True
3908,0.02831411361694336,True
14768,0.09180307388305664,True
2532,0.018493175506591797,True
3086,0.03034520149230957,True
2262,0.03221487998962402,True
3318,0.025233983993530273,True
3300,0.03334498405456543,True
2188,0.018028974533081055,True
3140,0.02360224723815918,True
3334,0.02579212188720703,True
3836,0.027543067932128906,True
2638,0.01942300796508789,True
4600,0.028053998947143555,True
2614,0.022969961166381836,True
2836,0.04238390922546387,True
6182,0.04569292068481445,True
2920,0.02562403678894043,True
2886,0.025727033615112305,True
18494,0.14914298057556152,True
2338,0.019782066345214844,True
3050,0.028967857360839844,True
2680,0.019436120986938477,True
2360,0.03142499923706055,True
2454,0.024932861328125,True
2306,0.017702817916870117,True
2284,0.01573491096496582,True
2210,0.02292490005493164,True
2348,0.020093202590942383,True
7806,0.04656505584716797,True
2270,0.017867088317871094,True
2770,0.02300715446472168,True
2634,0.023230791091918945,True
2380,0.01658797264099121,True
4346,0.03138303756713867,True
2800,0.020928144454956055,True
2984,0.023856163024902344,True
2656,0.02594900131225586,True
3616,0.031010150909423828,True
5888,0.0402369499206543,True
2168,0.0208437442779541,True
3262,0.020524024963378906,True
2512,0.01840996742248535,True
2350,0.02022719383239746,True
2712,0.027478694915771484,True
4922,0.05177593231201172,True
2380,0.03153109550476074,True
2388,0.01711106300354004,True
2898,0.03687286376953125,True
2348,0.01992487907409668,True
2328,0.0182650089263916,True
3064,0.03744006156921387,True
2406,0.03695178031921387,True
2302,0.026116132736206055,True
2156,0.02849602699279785,True
2200,0.01668095588684082,True
2526,0.02899789810180664,True
4372,0.030521869659423828,True
2736,0.021166086196899414,True
2970,0.08826708793640137,True
4768,0.03422689437866211,True
4030,0.06889605522155762,True
2514,0.022676944732666016,True
2464,0.021011829376220703,True
2546,0.01836085319519043,True
2628,0.024423837661743164,True
3206,0.023820161819458008,True
2638,0.02026987075805664,True
2426,0.018899917602539062,True
16374,0.1673877239227295,True
2364,0.023319005966186523,True
3436,0.028504133224487305,True
2496,0.022049903869628906,True
2490,0.03154110908508301,True
3220,0.03003692626953125,True
2502,0.034677982330322266,True
2278,0.02246379852294922,True
2892,0.03326106071472168,True
2550,0.028890132904052734,True
3156,0.0227048397064209,True
2388,0.023606061935424805,True
2302,0.015793800354003906,True
2270,0.02266383171081543,True
6070,0.06125283241271973,True
2132,0.028477191925048828,True
2174,0.018396854400634766,True
2182,0.024968862533569336,True
2418,0.023146390914916992,True
2188,0.026098966598510742,True
3050,0.02623605728149414,True
2310,0.02255702018737793,True
2380,0.018624067306518555,True
2516,0.027035236358642578,True
4588,0.04036664962768555,True
3196,0.02653026580810547,True
5122,0.04022812843322754,True
2784,0.03215384483337402,True
2604,0.018883228302001953,True
2272,0.021290063858032227,True
2628,0.01941704750061035,True
6108,0.04993486404418945,True
2152,0.019102096557617188,True
2144,0.030883073806762695,True
2396,0.031996965408325195,True
2360,0.029596805572509766,True
2762,0.0234529972076416,True
2272,0.0159609317779541,True
5674,0.04141092300415039,True
4228,0.028402090072631836,True
2908,0.024188995361328125,True
2586,0.018564224243164062,True
2266,0.02293086051940918,True
2460,0.027067184448242188,True
2740,0.03313899040222168,True
2192,0.02171802520751953,True
2252,0.018744707107543945,True
2492,0.02276301383972168,True
2404,0.016654014587402344,True
2226,0.019736051559448242,True
8790,0.04796409606933594,True
3174,0.025198936462402344,True
2694,0.01870274543762207,True
3410,0.03199195861816406,True
2526,0.028650999069213867,True
5764,0.03879809379577637,True
2392,0.02158522605895996,True
2660,0.020425796508789062,True
2628,0.017496109008789062,True
3102,0.022800922393798828,True
2488,0.014612913131713867,True
3216,0.024116039276123047,True
2496,0.017838001251220703,True
2840,0.024779081344604492,True
3070,0.02254629135131836,True
3320,0.027065753936767578,True
2498,0.01680898666381836,True
3434,0.026059865951538086,True
2320,0.020546674728393555,True
2388,0.014473199844360352,True
2644,0.022237062454223633,True
2328,0.021481990814208984,True
3214,0.032897233963012695,True
2978,0.02358412742614746,True
3044,0.03197312355041504,True
3828,0.02360391616821289,True
2552,0.020155906677246094,True
3820,0.027604103088378906,True
2940,0.023554086685180664,True
2688,0.018877029418945312,True
5902,0.052446842193603516,True
9440,0.06118512153625488,True
2544,0.01601409912109375,True
3614,0.03352785110473633,True
3568,0.030601978302001953,True
2934,0.022899866104125977,True
4074,0.026221036911010742,True
8624,0.060314178466796875,True
3036,0.028171062469482422,True
2410,0.02493000030517578,True
3488,0.03633522987365723,True
2616,0.025359153747558594,True
3156,0.03743791580200195,True
3270,0.02868199348449707,True
3624,0.03344011306762695,True
3078,0.029186010360717773,True
2724,0.028751850128173828,True
2504,0.019068002700805664,True
5732,0.039385080337524414,True
3418,0.024039030075073242,True
6846,0.03868389129638672,True
3570,0.02431488037109375,True
3370,0.03397989273071289,True
2648,0.03199505805969238,True
2456,0.018704891204833984,True
3688,0.029103994369506836,True
3226,0.027053117752075195,True
2300,0.021795988082885742,True
3380,0.029404163360595703,True
2730,0.03108501434326172,True
2270,0.021246910095214844,True
2488,0.024186134338378906,True
2660,0.023487091064453125,True
2554,0.038229942321777344,True
7442,0.06959295272827148,True
2462,0.028002262115478516,True
2706,0.019676923751831055,True
6758,0.06415987014770508,True
2204,0.030447959899902344,True
2890,0.030575990676879883,True
6104,0.05591392517089844,True
3000,0.04193687438964844,True
2662,0.03352212905883789,True
3112,0.045845985412597656,True
3526,0.03782510757446289,True
2800,0.03217196464538574,True
3632,0.05201578140258789,True
3522,0.025681257247924805,True
5756,0.04702425003051758,True
2644,0.026977062225341797,True
2312,0.015263080596923828,True
3920,0.031207799911499023,True
2532,0.023113012313842773,True
3824,0.029990196228027344,True
3682,0.030359268188476562,True
2398,0.01576399803161621,True
4592,0.037947893142700195,True
3186,0.04517817497253418,True
2338,0.018412113189697266,True
2256,0.03736710548400879,True
3166,0.02133798599243164,True
3008,0.026302099227905273,True
2834,0.02119898796081543,True
2906,0.04387021064758301,True
3400,0.023785114288330078,True
6050,0.05719399452209473,True
3358,0.02921295166015625,True
2662,0.04045581817626953,True
2786,0.019371986389160156,True
3218,0.019188404083251953,True
5022,0.052327871322631836,True
2686,0.03052997589111328,True
3302,0.03292489051818848,True
4448,0.04724693298339844,True
2682,0.024724245071411133,True
3438,0.034594058990478516,True
7118,0.05904388427734375,True
3690,0.026558876037597656,True
4176,0.029626131057739258,True
3562,0.022455930709838867,True
2324,0.01874685287475586,True
2508,0.019110918045043945,True
4354,0.0348658561706543,True
3184,0.023114919662475586,True
2486,0.024348974227905273,True
4108,0.033555030822753906,True
4014,0.04570794105529785,True
2624,0.022646665573120117,True
3662,0.043854713439941406,True
2588,0.03465771675109863,True
2378,0.018238306045532227,True
2806,0.02480602264404297,True
5724,0.05423712730407715,True
7550,0.0623171329498291,True
4884,0.06685996055603027,True
6946,0.06018710136413574,True
2322,0.01679706573486328,True
2220,0.038587093353271484,True
2780,0.025569915771484375,True
2328,0.02158498764038086,True
2674,0.018086910247802734,True
6170,0.051599979400634766,True
2646,0.01777195930480957,True
3066,0.05549001693725586,True
2820,0.02886033058166504,True
4340,0.04094696044921875,True
2804,0.022238969802856445,True
2876,0.02601909637451172,True
2718,0.020786762237548828,True
2916,0.02948927879333496,True
2782,0.026262998580932617,True
2330,0.02090001106262207,True
3590,0.026262998580932617,True
2498,0.022243976593017578,True
2490,0.017315149307250977,True
2368,0.022686004638671875,True
10408,0.07808613777160645,True
2396,0.01711106300354004,True
2474,0.015763044357299805,True
3190,0.02618122100830078,True
6208,0.04543113708496094,True
2396,0.023354053497314453,True
2916,0.040761709213256836,True
5202,0.0453031063079834,True
2756,0.0208590030670166,True
2740,0.024852991104125977,True
2780,0.028882980346679688,True
2570,0.028725147247314453,True
2466,0.023248910903930664,True
3804,0.025315046310424805,True
3028,0.02175283432006836,True
2476,0.020725011825561523,True
2946,0.022308826446533203,True
2288,0.016217947006225586,True
2814,0.02625107765197754,True
2528,0.018522977828979492,True
5816,0.03882098197937012,True
9914,0.06990718841552734,True
2690,0.018173933029174805,True
3204,0.02255702018737793,True
2738,0.022848844528198242,True
3752,0.026583194732666016,True
3024,0.027797937393188477,True
4408,0.0302889347076416,True
2228,0.018568992614746094,True
2530,0.021815061569213867,True
3134,0.021971940994262695,True
2710,0.020988941192626953,True
3810,0.027968168258666992,True
3424,0.026136159896850586,True
4294,0.029045820236206055,True
3656,0.024216651916503906,True
3464,0.02071404457092285,True
2344,0.01650404930114746,True
2844,0.024363994598388672,True
3496,0.025709867477416992,True
3062,0.023760080337524414,True
2748,0.017602920532226562,True
2828,0.022611141204833984,True
3498,0.02426290512084961,True
2556,0.02407670021057129,True
3522,0.022268295288085938,True
2758,0.022624969482421875,True
4660,0.03358793258666992,True
2678,0.016872882843017578,True
6016,0.03768610954284668,True
2756,0.04584312438964844,True
2378,0.024152040481567383,True
3408,0.025425195693969727,True
2606,0.019659996032714844,True
2960,0.020688772201538086,True
2772,0.018576860427856445,True
2336,0.019077062606811523,True
7282,0.05895185470581055,True
4200,0.028664112091064453,True
3662,0.025249958038330078,True
3256,0.02349376678466797,True
5648,0.03716301918029785,True
2762,0.0211637020111084,True
6198,0.04082679748535156,True
3628,0.02371501922607422,True
3174,0.023067712783813477,True
4622,0.03638601303100586,True
3312,0.026428937911987305,True
2590,0.02225208282470703,True
3552,0.035199880599975586,True
6170,0.05528998374938965,True
3214,0.026701927185058594,True
6326,0.04440712928771973,True
2402,0.020971059799194336,True
2822,0.028713226318359375,True
2362,0.016284942626953125,True
2734,0.018281936645507812,True
4676,0.03148531913757324,True
2716,0.03534126281738281,True
2576,0.025081157684326172,True
5084,0.0397341251373291,True
3292,0.02294301986694336,True
5630,0.04929304122924805,True
3808,0.027340173721313477,True
2882,0.025854110717773438,True
3770,0.025402307510375977,True
2522,0.017663955688476562,True
3008,0.019330739974975586,True
3070,0.02326178550720215,True
3584,0.02623295783996582,True
2808,0.022275924682617188,True
2336,0.014586925506591797,True
3060,0.02243518829345703,True
3118,0.01861572265625,True
2240,0.015002727508544922,True
4288,0.028198957443237305,True
2366,0.018435239791870117,True
2512,0.018368959426879883,True
2178,0.015675067901611328,True
3668,0.024909019470214844,True
2720,0.0173490047454834,True
3058,0.027073144912719727,True
6706,0.04421687126159668,True
2700,0.020226716995239258,True
2236,0.0389862060546875,True
2734,0.02834320068359375,True
4400,0.03408408164978027,True
3012,0.026255130767822266,True
2416,0.02234625816345215,True
2364,0.017587900161743164,True
2350,0.016662120819091797,True
3348,0.028499841690063477,True
4232,0.03612518310546875,True
2704,0.0225369930267334,True
11402,0.07721209526062012,True
2776,0.03178596496582031,True
6320,0.03697514533996582,True
2370,0.023340702056884766,True
2594,0.02960991859436035,True
2620,0.019680023193359375,True
3234,0.02638697624206543,True
3068,0.021843910217285156,True
3078,0.021403074264526367,True
3358,0.020741939544677734,True
7054,0.04382967948913574,True
3702,0.03056788444519043,True
3422,0.020335912704467773,True
2920,0.019365787506103516,True
4512,0.03258395195007324,True
2562,0.01790618896484375,True
5330,0.02899932861328125,True
3410,0.028379201889038086,True
2686,0.020847082138061523,True
9796,0.0633699893951416,True
2294,0.021158933639526367,True
2470,0.018996000289916992,True
2412,0.02362799644470215,True
2586,0.020830869674682617,True
2234,0.018395185470581055,True
6122,0.03981280326843262,True
2734,0.028890132904052734,True
3116,0.029352903366088867,True
2444,0.025194168090820312,True
2872,0.037583112716674805,True
3162,0.026125192642211914,True
2866,0.02212691307067871,True
3138,0.034905195236206055,True
3770,0.10881996154785156,True
5784,0.3022887706756592,True
4390,0.03743481636047363,True
3676,0.04744911193847656,True
3502,0.028236865997314453,True
2556,0.022732019424438477,True
3494,0.030102014541625977,True
3738,0.02841973304748535,True
4306,0.03818535804748535,True
2326,0.014838933944702148,True
2292,0.01593494415283203,True
3596,0.03034496307373047,True
3626,0.02417778968811035,True
3866,0.037715911865234375,True
4288,0.11336493492126465,True
3208,0.025252103805541992,True
6806,0.054949045181274414,True
2492,0.018063068389892578,True
2932,0.022340774536132812,True
3010,0.02024698257446289,True
3366,0.02230978012084961,True
8764,0.05913186073303223,True
2704,0.03369307518005371,True
2466,0.05116915702819824,True
3096,0.022907018661499023,True
3572,0.02384781837463379,True
4468,0.03147602081298828,True
2824,0.04218006134033203,True
2268,0.018629074096679688,True
3548,0.021291017532348633,True
2956,0.027357101440429688,True
3656,0.023314237594604492,True
4078,0.029951095581054688,True
3546,0.03691506385803223,True
3252,0.030927181243896484,True
2142,0.016603946685791016,True
8178,0.043213844299316406,True
8724,0.16262507438659668,True
3420,0.06014299392700195,True
2552,0.025374889373779297,True
4456,0.05014610290527344,True
2516,0.028254985809326172,True
2282,0.032566070556640625,True
2250,0.021517038345336914,True
2908,0.02547311782836914,True
3734,0.04253220558166504,True
4006,0.03631114959716797,True
2354,0.01924586296081543,True
5814,0.04941415786743164,True
3712,0.024858951568603516,True
2224,0.016147136688232422,True
2428,0.01990199089050293,True
3546,0.022938966751098633,True
3082,0.02484607696533203,True
3396,0.05119609832763672,True
7948,0.061372995376586914,True
2540,0.024026155471801758,True
2660,0.021986007690429688,True
2438,0.028126001358032227,True
2372,0.020572900772094727,True
2532,0.017293930053710938,True
2978,0.02263784408569336,True
4702,0.043200016021728516,True
2514,0.02129507064819336,True
2540,0.019958019256591797,True
3560,0.030228137969970703,True
2402,0.023952960968017578,True
4604,0.038736820220947266,True
5796,0.06471014022827148,True
3968,0.029384851455688477,True
4162,0.02756977081298828,True
2646,0.023021936416625977,True
2972,0.019284963607788086,True
6356,0.039800167083740234,True
2798,0.01941990852355957,True
3530,0.04568004608154297,True
2864,0.018612146377563477,True
3474,0.022231101989746094,True
5500,0.05630373954772949,True
2522,0.020492076873779297,True
3452,0.023129940032958984,True
2536,0.023284912109375,True
2774,0.01909494400024414,True
5046,0.03386211395263672,True
4012,0.028985977172851562,True
2574,0.017390012741088867,True
2380,0.01963186264038086,True
3506,0.028039932250976562,True
2798,0.016017913818359375,True
2460,0.03264498710632324,True
4554,0.037506818771362305,True
3304,0.02242875099182129,True
2724,0.03067803382873535,True
2614,0.021158933639526367,True
3286,0.02312493324279785,True
4428,0.026584863662719727,True
2624,0.017626047134399414,True
3312,0.02817511558532715,True
9984,0.07228207588195801,True
2760,0.025091171264648438,True
6222,0.05723094940185547,True
3316,0.021715402603149414,True
2574,0.024248838424682617,True
2904,0.026937007904052734,True
3388,0.030490875244140625,True
4144,0.029206037521362305,True
2616,0.021545886993408203,True
2900,0.02220296859741211,True
2828,0.024190187454223633,True
2542,0.019581079483032227,True
2620,0.0224151611328125,True
3638,0.03644275665283203,True
2934,0.02929401397705078,True
3164,0.018727779388427734,True
3100,0.0242459774017334,True
2692,0.031209945678710938,True
2272,0.01648426055908203,True
2536,0.02126288414001465,True
2324,0.017992019653320312,True
3538,0.03288006782531738,True
2746,0.027389049530029297,True
2912,0.020226001739501953,True
5274,0.03576922416687012,True
5106,0.03933000564575195,True
2406,0.02144598960876465,True
3396,0.04708290100097656,True
2272,0.019261837005615234,True
3718,0.031855106353759766,True
5858,0.05382895469665527,True
3098,0.031174182891845703,True
3220,0.02620983123779297,True
2546,0.022169828414916992,True
3872,0.0262448787689209,True
2580,0.04279589653015137,True
2590,0.0226898193359375,True
2770,0.01983499526977539,True
4014,0.030923128128051758,True
2394,0.021988868713378906,True
3296,0.04062986373901367,True
6136,0.04233193397521973,True
2790,0.02509593963623047,True
2682,0.022160768508911133,True
3518,0.019089937210083008,True
3562,0.026618242263793945,True
3554,0.02857804298400879,True
3222,0.025267839431762695,True
2402,0.016927003860473633,True
3576,0.1055610179901123,True
4242,0.0345461368560791,True
2458,0.02550196647644043,True
4598,0.031092166900634766,True
2516,0.022349834442138672,True
3484,0.021353960037231445,True
4914,0.03728508949279785,True
2788,0.021630048751831055,True
7862,0.062135934829711914,True
2430,0.017561912536621094,True
3608,0.027434110641479492,True
3194,0.025645017623901367,True
4686,0.03246736526489258,True
3102,0.022874116897583008,True
2478,0.03818774223327637,True
2926,0.041732072830200195,True
6660,0.06357002258300781,True
3096,0.03309988975524902,True
2502,0.02737903594970703,True
5520,0.03900289535522461,True
4012,0.038815975189208984,True
11498,0.1553208827972412,True
4338,0.060317039489746094,True
3144,0.028466224670410156,True
4782,0.03546595573425293,True
3178,0.03174901008605957,True
2490,0.03829002380371094,True
3524,0.034377098083496094,True
2614,0.03390312194824219,True
2612,0.02314281463623047,True
3034,0.03545093536376953,True
3840,0.04992508888244629,True
2834,0.03539919853210449,True
4370,0.08253312110900879,True
3684,0.03042888641357422,True
3248,0.037369728088378906,True
4318,0.03403329849243164,True
3598,0.032444000244140625,True
3672,0.039205074310302734,True
6432,0.0836949348449707,True
2140,0.028972148895263672,True
2736,0.0232999324798584,True
2862,0.033720970153808594,True
2572,0.029156208038330078,True
2752,0.03635001182556152,True
10962,0.10008907318115234,True
5468,0.05609869956970215,True
3344,0.03278183937072754,True
5162,0.06714177131652832,True
2570,0.10024380683898926,True
2388,0.03109598159790039,True
2530,0.030012130737304688,True
2520,0.03764677047729492,True
2660,0.050900936126708984,True
5608,0.060520172119140625,True
2490,0.040780067443847656,True
9176,0.10249209403991699,True
2758,0.02223992347717285,True
2468,0.01951909065246582,True
2536,0.02829599380493164,True
4550,0.06025505065917969,True
3876,0.060477256774902344,True
3232,0.029449939727783203,True
2482,0.029829025268554688,True
2430,0.04602527618408203,True
3370,0.040650129318237305,True
3122,0.03938412666320801,True
5258,0.06413531303405762,True
13892,0.3286857604980469,True
3632,0.04352998733520508,True
2984,0.03378105163574219,True
4688,0.07199883460998535,True
2658,0.03813910484313965,True
2816,0.02452397346496582,True
2528,0.023231983184814453,True
3558,0.03026723861694336,True
3166,0.02611398696899414,True
4312,0.042382001876831055,True
2840,0.0410311222076416,True
3278,0.03637290000915527,True
2486,0.022835969924926758,True
2918,0.033438920974731445,True
3382,0.03248476982116699,True
4224,0.03736424446105957,True
3332,0.04177594184875488,True
3372,0.03763103485107422,True
2116,0.03049612045288086,True
4796,0.03723406791687012,True
2512,0.03284287452697754,True
3330,0.034559011459350586,True
2290,0.02751898765563965,True
3188,0.030728816986083984,True
3396,0.0401310920715332,True
2316,0.04589509963989258,True
2924,0.03733205795288086,True
13720,0.10440611839294434,True
5890,0.06679701805114746,True
4786,0.04821181297302246,True
3660,0.03647112846374512,True
3232,0.0385589599609375,True
3316,0.02954697608947754,True
4992,0.04000067710876465,True
2980,0.03603625297546387,True
2888,0.03716135025024414,True
5364,0.09440803527832031,True
5576,0.09825515747070312,True
2756,0.029834985733032227,True
2236,0.02605295181274414,True
3084,0.03735804557800293,True
3688,0.04515981674194336,True
3022,0.05731606483459473,True
4864,0.06753993034362793,True
2568,0.024596214294433594,True
2616,0.04847598075866699,True
5344,0.06817984580993652,True
2280,0.04793906211853027,True
4240,0.06710290908813477,True
4594,0.07265210151672363,True
3038,0.03991103172302246,True
4762,0.04066610336303711,True
3634,0.04408717155456543,True
2342,0.03199315071105957,True
3122,0.047965288162231445,True
3686,0.07596874237060547,True
3622,0.0349888801574707,True
6678,0.04675412178039551,True
5200,0.06396603584289551,True
2506,0.0189969539642334,True
2550,0.02031993865966797,True
3594,0.03261899948120117,True
2578,0.03404092788696289,True
2870,0.03243589401245117,True
3182,0.027348995208740234,True
3734,0.034642934799194336,True
6758,0.0877079963684082,True
4732,0.037622690200805664,True
2934,0.03167724609375,True
2292,0.031156063079833984,True
3462,0.03309488296508789,True
2556,0.03098607063293457,True
3840,0.040351152420043945,True
2648,0.0418848991394043,True
2612,0.02316904067993164,True
2734,0.025841236114501953,True
3314,0.043305158615112305,True
4318,0.07030200958251953,True
2490,0.02726602554321289,True
3602,0.0248720645904541,True
2500,0.03514289855957031,True
2516,0.03194403648376465,True
3368,0.03456687927246094,True
3098,0.03096914291381836,True
4758,0.0507662296295166,True
2398,0.03607606887817383,True
5078,0.051962852478027344,True
3040,0.0741572380065918,True
2652,0.04865002632141113,True
4134,0.10253500938415527,True
2556,0.047215938568115234,True
2926,0.09256315231323242,True
2892,0.05275106430053711,True
2340,0.03782391548156738,True
2274,0.05165505409240723,True
3542,0.03308582305908203,True
2710,0.029385805130004883,True
3544,0.03802800178527832,True
2892,0.03569793701171875,True
5332,0.047402143478393555,True
2312,0.014390945434570312,True
2756,0.01860499382019043,True
2496,0.023285865783691406,True
2532,0.01835799217224121,True
2686,0.019927978515625,True
2960,0.02131199836730957,True
4648,0.03003072738647461,True
2620,0.01974010467529297,True
2858,0.019910097122192383,True
2540,0.022024154663085938,True
2754,0.025205612182617188,True
5024,0.03277897834777832,True
2390,0.01903986930847168,True
3684,0.026099205017089844,True
2370,0.01891303062438965,True
3030,0.022681713104248047,True
11204,0.07075095176696777,True
3698,0.02452993392944336,True
2390,0.017091751098632812,True
3226,0.029460906982421875,True
3704,0.03369712829589844,True
2320,0.015568256378173828,True
2484,0.016257762908935547,True
2992,0.02370905876159668,True
10090,0.06119585037231445,True
2822,0.02088785171508789,True
2462,0.018986940383911133,True
6144,0.05734896659851074,True
3944,0.030371904373168945,True
5762,0.040303945541381836,True
3304,0.019382953643798828,True
3228,0.022951841354370117,True
3600,0.026499032974243164,True
6314,0.04353213310241699,True
2318,0.020124197006225586,True
2434,0.06485128402709961,True
3120,0.0334620475769043,True
2398,0.027016878128051758,True
3788,0.04105114936828613,True
4236,0.23712491989135742,True
5476,0.13038396835327148,True
4216,0.031445980072021484,True
3382,0.023888826370239258,True
3702,0.03300786018371582,True
8142,0.16730999946594238,True
2286,0.022257089614868164,True
3532,0.04053926467895508,True
4936,0.03632307052612305,True
3164,0.02176189422607422,True
2802,0.03610396385192871,True
2318,0.03035593032836914,True
2818,0.017987966537475586,True
6972,0.05904793739318848,True
5480,0.03205728530883789,True
4838,0.07747483253479004,True
2584,0.0239107608795166,True
3942,0.033065080642700195,True
5404,0.2859761714935303,True
2766,0.026555776596069336,True
2902,0.017138004302978516,True
2728,0.018212080001831055,True
2472,0.08404302597045898,True
2718,0.061604976654052734,True
2476,0.04754185676574707,True
4010,0.03006291389465332,True
2454,0.07189488410949707,True
3164,0.07029581069946289,True
3372,0.021602153778076172,True
2948,0.020840883255004883,True
3228,0.0663309097290039,True
2990,0.018877029418945312,True
2640,0.02501082420349121,True
2970,0.024460792541503906,True
2920,0.025849103927612305,True
2932,0.022847890853881836,True
4178,0.0296480655670166,True
2732,0.021471023559570312,True
2424,0.015771865844726562,True
2418,0.030631065368652344,True
4608,0.028561115264892578,True
2400,0.018166065216064453,True
3382,0.020476102828979492,True
2792,0.02387380599975586,True
2276,0.017966032028198242,True
2418,0.031284332275390625,True
3642,0.028227806091308594,True
6020,0.04078793525695801,True
4518,0.026540756225585938,True
2872,0.01879596710205078,True
3470,0.03780198097229004,True
2416,0.027167081832885742,True
3140,0.028516054153442383,True
3726,0.022940874099731445,True
2710,0.02041482925415039,True
3092,0.02559804916381836,True
2440,0.031052827835083008,True
3184,0.03919196128845215,True
4122,0.04077792167663574,True
4892,0.03891611099243164,True
2380,0.018124103546142578,True
2872,0.04209303855895996,True
7426,0.09017086029052734,True
2650,0.02626514434814453,True
2234,0.0432131290435791,True
2980,0.026297807693481445,True
2930,0.031140804290771484,True
5804,0.06726193428039551,True
2582,0.13429522514343262,True
2174,0.05295896530151367,True
2914,0.030245065689086914,True
2774,0.019124984741210938,True
2482,0.015265941619873047,True
3960,0.03470802307128906,True
2608,0.020061969757080078,True
2270,0.014822959899902344,True
2516,0.13729095458984375,True
2894,0.030087947845458984,True
2358,0.029616832733154297,True
5040,0.04550981521606445,True
2282,0.018611907958984375,True
3112,0.02671504020690918,True
2444,0.017911195755004883,True
2776,0.018847942352294922,True
2500,0.02956700325012207,True
6770,0.051870107650756836,True
3996,0.03165912628173828,True
2324,0.026052236557006836,True
4716,0.03194999694824219,True
2806,0.024784088134765625,True
12928,0.07706499099731445,True
2902,0.03577423095703125,True
3242,0.03115391731262207,True
4956,0.03473401069641113,True
5512,0.05017685890197754,True
2506,0.027070999145507812,True
3762,0.023525238037109375,True
6622,0.0510709285736084,True
2126,0.01911783218383789,True
4952,0.03342318534851074,True
6302,0.0399479866027832,True
2388,0.021402835845947266,True
3982,0.056999921798706055,True
2830,0.01851797103881836,True
2338,0.021053075790405273,True
3306,0.02592182159423828,True
3778,0.030237197875976562,True
4002,0.02697587013244629,True
2272,0.024260997772216797,True
3938,0.024576902389526367,True
6472,0.0382080078125,True
3256,0.029595136642456055,True
3306,0.03386402130126953,True
4140,0.025844097137451172,True
5236,0.03369903564453125,True
4400,0.03201174736022949,True
3834,0.030966997146606445,True
4312,0.028722047805786133,True
3168,0.02738785743713379,True
2296,0.01601886749267578,True
3152,0.02134990692138672,True
2738,0.02663874626159668,True
2372,0.04158377647399902,True
2692,0.03954195976257324,True
5718,0.04910707473754883,True
4106,0.03640294075012207,True
2432,0.021908998489379883,True
2448,0.02946019172668457,True
5444,0.04963397979736328,True
2266,0.03161120414733887,True
2382,0.027693986892700195,True
2834,0.039522647857666016,True
2790,0.03281116485595703,True
2608,0.028298139572143555,True
2950,0.031640052795410156,True
5182,0.04163622856140137,True
5826,0.06874608993530273,True
2700,0.024754762649536133,True
2866,0.039151906967163086,True
3374,0.03790116310119629,True
2498,0.030984163284301758,True
2600,0.01719498634338379,True
3172,0.026545047760009766,True
2214,0.023163795471191406,True
6044,0.06925511360168457,True
2332,0.023337841033935547,True
3704,0.0293428897857666,True
3556,0.029843807220458984,True
2462,0.029385805130004883,True
2348,0.02779984474182129,True
2718,0.05905723571777344,True
2214,0.05678510665893555,True
2284,0.030796051025390625,True
6694,0.07063889503479004,True
2954,0.026387929916381836,True
3298,0.04866194725036621,True
2684,0.029433727264404297,True
3826,0.03802180290222168,True
3534,0.03411698341369629,True
2308,0.01683211326599121,True
2678,0.023522138595581055,True
3130,0.026628971099853516,True
2614,0.03171730041503906,True
3272,0.035463809967041016,True
2538,0.027154922485351562,True
3260,0.026079416275024414,True
2584,0.037973880767822266,True
2964,0.03508496284484863,True
4418,0.04291105270385742,True
2562,0.03542017936706543,True
2494,0.02475881576538086,True
2434,0.03659987449645996,True
3722,0.03719592094421387,True
2452,0.03333020210266113,True
3004,0.04468393325805664,True
2378,0.02138495445251465,True
3160,0.02559494972229004,True
2462,0.03366708755493164,True
3868,0.0274202823638916,True
2310,0.023524999618530273,True
2914,0.020394325256347656,True
3652,0.028882980346679688,True
4824,0.04927802085876465,True
4142,0.042405128479003906,True
2540,0.04136800765991211,True
3278,0.06491398811340332,True
2650,0.026065826416015625,True
4218,0.04633188247680664,True
2886,0.030093908309936523,True
2394,0.023331880569458008,True
2444,0.05036306381225586,True
3176,0.04812002182006836,True
2278,0.017342090606689453,True
4744,0.04464006423950195,True
2458,0.03788113594055176,True
2366,0.04027295112609863,True
2504,0.020914316177368164,True
4714,0.04276013374328613,True
5976,0.10347795486450195,True
2884,0.038388967514038086,True
3042,0.03307914733886719,True
2804,0.04748892784118652,True
2810,0.03709983825683594,True
2688,0.019369840621948242,True
3754,0.04784727096557617,True
2570,0.05519890785217285,True
7240,0.10246992111206055,True
2602,0.026462793350219727,True
2790,0.04317307472229004,True
2864,0.04096794128417969,True
5996,0.05513811111450195,True
4480,0.034475088119506836,True
3120,0.032233238220214844,True
2952,0.04174995422363281,True
2720,0.02660822868347168,True
3346,0.041297197341918945,True
3868,0.056123971939086914,True
2426,0.03407907485961914,True
2692,0.02264094352722168,True
2392,0.018182992935180664,True
4450,0.0369257926940918,True
3184,0.029484033584594727,True
2332,0.025463104248046875,True
2784,0.026088237762451172,True
2870,0.032592058181762695,True
3162,0.029035091400146484,True
17020,0.12862300872802734,True
2884,0.031877994537353516,True
2534,0.07401680946350098,True
4284,0.04947996139526367,True
2544,0.022317886352539062,True
7194,0.055204153060913086,True
6490,0.07511091232299805,True
2252,0.01958775520324707,True
4346,0.03728079795837402,True
3862,0.03087592124938965,True
2864,0.025178194046020508,True
2406,0.039361000061035156,True
2340,0.02017688751220703,True
2226,0.020121097564697266,True
3362,0.020601987838745117,True
3180,0.06401896476745605,True
3998,0.030372142791748047,True
5006,0.056355953216552734,True
2262,0.04194211959838867,True
2764,0.018698930740356445,True
3680,0.04292488098144531,True
2308,0.03981494903564453,True
2330,0.02067875862121582,True
3490,0.023560047149658203,True
2432,0.024363994598388672,True
2760,0.031200170516967773,True
4106,0.04394817352294922,True
3462,0.028328895568847656,True
3140,0.04739785194396973,True
7200,0.08293795585632324,True
2512,0.027665138244628906,True
3290,0.029523372650146484,True
2312,0.031235933303833008,True
2528,0.04173588752746582,True
2818,0.04040193557739258,True
2694,0.03364300727844238,True
3256,0.05652213096618652,True
3902,0.034780263900756836,True
4650,0.03406381607055664,True
2350,0.029570817947387695,True
4686,0.03504633903503418,True
2580,0.02582383155822754,True
2914,0.04220294952392578,True
2696,0.02593684196472168,True
3332,0.031003236770629883,True
3606,0.031034231185913086,True
3958,0.028458118438720703,True
3584,0.026216983795166016,True
3372,0.020999908447265625,True
3224,0.024091005325317383,True
2304,0.028738021850585938,True
3362,0.0258941650390625,True
3124,0.02135610580444336,True
4994,0.039698123931884766,True
2350,0.03139781951904297,True
3614,0.06444501876831055,True
6818,0.05267691612243652,True
2976,0.029057979583740234,True
2718,0.021516799926757812,True
2386,0.01810908317565918,True
3210,0.04005885124206543,True
3342,0.06847810745239258,True
2382,0.016145944595336914,True
2748,0.03226113319396973,True
4700,0.06018376350402832,True
6150,0.04117298126220703,True
2368,0.022307872772216797,True
2424,0.01552581787109375,True
4880,0.04063916206359863,True
3446,0.02335500717163086,True
3934,0.02445697784423828,True
2426,0.018590927124023438,True
6812,0.07524609565734863,True
2564,0.027170181274414062,True
2824,0.023820877075195312,True
2698,0.02536797523498535,True
4024,0.05097079277038574,True
4404,0.02854299545288086,True
3214,0.05585312843322754,True
3256,0.023916959762573242,True
2742,0.020865917205810547,True
2450,0.052384138107299805,True
3132,0.01868605613708496,True
14706,0.12897396087646484,True
3300,0.09866213798522949,True
2330,0.01949477195739746,True
2558,0.015710830688476562,True
2628,0.016877174377441406,True
3344,0.02260279655456543,True
2502,0.015787124633789062,True
4022,0.026798009872436523,True
3274,0.022902965545654297,True
3038,0.018680095672607422,True
2352,0.02074289321899414,True
2626,0.021869897842407227,True
3204,0.01793193817138672,True
3312,0.02279186248779297,True
4484,0.027889013290405273,True
4012,0.028509855270385742,True
2704,0.019201993942260742,True
2746,0.023228883743286133,True
3180,0.026884078979492188,True
2410,0.03207707405090332,True
3762,0.026359081268310547,True
2630,0.02242302894592285,True
2554,0.017670154571533203,True
2982,0.028255939483642578,True
2662,0.02491021156311035,True
2504,0.07842683792114258,True
2374,0.01743626594543457,True
2226,0.08687305450439453,True
3600,0.023977041244506836,True
2514,0.024007081985473633,True
2832,0.023553133010864258,True
3460,0.024226665496826172,True
4968,0.037322044372558594,True
2554,0.023513078689575195,True
2400,0.13710498809814453,True
2654,0.02491903305053711,True
2476,0.13366293907165527,True
2722,0.025447845458984375,True
5926,0.05581307411193848,True
4672,0.0346219539642334,True
2302,0.018979787826538086,True
3126,0.039134979248046875,True
3764,0.035691022872924805,True
4546,0.03268718719482422,True
2630,0.02504897117614746,True
2774,0.0622711181640625,True
2654,0.02108001708984375,True
3254,0.03333711624145508,True
3274,0.03374528884887695,True
2846,0.025468826293945312,True
10464,0.10835695266723633,True
2530,0.03520703315734863,True
3170,0.02066493034362793,True
3030,0.03298306465148926,True
3434,0.02326798439025879,True
3124,0.02633810043334961,True
2296,0.020372867584228516,True
2726,0.021976232528686523,True
11138,0.07167506217956543,True
5722,0.04528999328613281,True
3864,0.021088123321533203,True
2576,0.01576995849609375,True
2660,0.018329858779907227,True
2554,0.016855955123901367,True
3320,0.0234527587890625,True
5132,0.0375208854675293,True
2440,0.03727412223815918,True
3040,0.03533530235290527,True
2680,0.026237010955810547,True
7474,0.057209014892578125,True
2278,0.022040128707885742,True
4700,0.038902997970581055,True
2338,0.02306199073791504,True
4544,0.036956071853637695,True
5350,0.0421900749206543,True
